event_type,timestamp,detail
MSG,1773421.0,!CAL
MSG,1773421.0,!CAL Calibration points:
MSG,1773421.0,"!CAL -25.6, -22.9 -0, -0"
MSG,1773421.0,"!CAL -25.9, -31.5 -0, -3183"
MSG,1773421.0,"!CAL -25.0, -15.7 -0, 3183"
MSG,1773421.0,"!CAL -43.5, -22.6 -6000, -0"
MSG,1773421.0,"!CAL -7.0, -23.2 6000, -0"
MSG,1773421.0,"!CAL 0.0, 0.0 0, 0"
MSG,1773421.0,"!CAL eye check box: (L,R,T,B)"
MSG,1773421.0,"!CAL href cal range: (L,R,T,B)"
MSG,1773421.0,"!CAL Cal coeff:(X=a+bx+cy+dxx+eyy,Y=f+gx+goaly+ixx+jyy)"
MSG,1773421.0,"!CAL Prenormalize: offx, offy = -25.572 -22.893"
MSG,1773421.0,!CAL Gains: cx:311.727 lx:326.657 rx:296.798
MSG,1773421.0,!CAL Gains: cy:689.871 ty:541.447 by:887.678
MSG,1773421.0,"!CAL Resolution (upd) at screen center: X=0.8, Y=0.4"
MSG,1773421.0,!CAL Gain Change Proportion: X: 0.101 Y: 0.639
MSG,1773421.0,!CAL Gain Ratio (Gy/Gx) = 2.213
MSG,1773421.0,"!CAL PCR gain ratio(x,y) = 2.019, 1.631"
MSG,1773421.0,"!CAL CR gain match(x,y) = 1.010, 1.010"
MSG,1773421.0,!CAL Slip rotation correction OFF
MSG,1773421.0,!CAL CALIBRATION HV5 R RIGHT GOOD
MSG,1785304.0,"!CAL VALIDATION HV5 R RIGHT GOOD ERROR 0.47 avg. 0.82 max OFFSET 0.38 deg. 12.1,8.3 pix."
MSG,1785304.0,"VALIDATE R 4POINT 0 RIGHT at 960,540 OFFSET 0.36 deg. 12.1,6.9 pix."
MSG,1785304.0,"VALIDATE R 4POINT 1 RIGHT at 960,92 OFFSET 0.82 deg. 30.9,-7.4 pix."
MSG,1785304.0,"VALIDATE R 4POINT 2 RIGHT at 960,988 OFFSET 0.39 deg. 6.2,13.5 pix."
MSG,1785304.0,"VALIDATE R 4POINT 3 RIGHT at 115,540 OFFSET 0.40 deg. 13.3,8.0 pix."
MSG,1785304.0,"VALIDATE R 4POINT 4 RIGHT at 1805,540 OFFSET 0.65 deg. -2.3,24.5 pix."
MSG,1794421.0,NO Reply is disabled for function eyelink_cal_result
MSG,1869916.0,ALL_STORY_START
MSG,1869921.0,RECCFG CR 500 2 0 R
MSG,1869921.0,ELCLCFG MTABLER
MSG,1869921.0,GAZE_COORDS 0.00 0.00 1920.00 1080.00
MSG,1869921.0,THRESHOLDS R 53 201
MSG,1869921.0,ELCL_WINDOW_SIZES 176 188 0 0
MSG,1869921.0,CAMERA_LENS_FOCAL_LENGTH 38.00
MSG,1869921.0,PUPIL_DATA_TYPE RAW_AUTOSLIP
MSG,1869921.0,ELCL_PROC ELLIPSE (5)
MSG,1869921.0,ELCL_EFIT_PARAMS 1.01 4.00 0.15 0.05 0.65 0.65 0.00 0.00 0.30
MSG,1869922.0,!MODE RECORD CR 500 2 0 R
START,1869923.0,RIGHT SAMPLES EVENTS
SFIX R,1869927.0,
EFIX R,1869927.0,1870173 248 964.3 480.9 977
SSACC R,1870175.0,
ESACC R,1870175.0,1870195 22 967.4 479.8 906.4 468.9 1.68 165
SFIX R,1870197.0,
EFIX R,1870197.0,1870439 244 917.4 467.2 1000
SSACC R,1870441.0,
SBLINK R,1870451.0,
EBLINK R,1870451.0,1871363 914
ESACC R,1870441.0,1871371 932 967.4 479.8 906.4 468.9 1.68 0
SFIX R,1871373.0,
EFIX R,1871373.0,1871903 532 977.7 498.5 1070
SSACC R,1871905.0,
ESACC R,1871905.0,1871917 14 970.0 502.9 957.6 520.8 0.59 69
SFIX R,1871919.0,
EFIX R,1871919.0,1872187 270 958.0 519.9 1104
SSACC R,1872189.0,
ESACC R,1872189.0,1872201 14 949.2 519.9 958.1 495.3 0.71 66
SFIX R,1872203.0,
EFIX R,1872203.0,1872579 378 949.4 502.6 1137
SSACC R,1872581.0,
SBLINK R,1872591.0,
EBLINK R,1872591.0,1876473 3884
ESACC R,1872581.0,1876481 3902 664.2 -183.9 730.5 -340.4 4.04 950
SFIX R,1876483.0,
EFIX R,1876483.0,1876523 42 964.2 489.1 1182
SSACC R,1876525.0,
SBLINK R,1876535.0,
EBLINK R,1876535.0,1876535 2
ESACC R,1876525.0,1876543 20 664.2 -183.9 730.5 -340.4 4.61 0
SFIX R,1876545.0,
EFIX R,1876545.0,1876581 38 964.4 493.9 1173
SSACC R,1876583.0,
SBLINK R,1876593.0,
EBLINK R,1876593.0,1878553 1962
ESACC R,1876583.0,1878561 1980 942.9 517.1 943.3 520.3 0.09 14
SFIX R,1878563.0,
EFIX R,1878563.0,1879245 684 938.3 523.9 1125
SSACC R,1879247.0,
SBLINK R,1879257.0,
EBLINK R,1879257.0,1880069 814
ESACC R,1879247.0,1880077 832 942.9 517.1 943.3 520.3 0.09 0
SFIX R,1880079.0,
EFIX R,1880079.0,1881383 1306 949.2 527.7 1042
SSACC R,1881385.0,
SBLINK R,1881395.0,
EBLINK R,1881395.0,1882331 938
ESACC R,1881385.0,1882339 956 942.9 517.1 943.3 520.3 0.09 0
SFIX R,1882341.0,
EFIX R,1882341.0,1883333 994 963.8 524.9 961
SSACC R,1883335.0,
SBLINK R,1883345.0,
EBLINK R,1883345.0,1884441 1098
ESACC R,1883335.0,1884449 1116 942.9 517.1 943.3 520.3 0.09 0
SFIX R,1884451.0,
EFIX R,1884451.0,1885477 1028 944.5 517.8 1109
SSACC R,1885479.0,
SBLINK R,1885489.0,
EBLINK R,1885489.0,1886553 1066
ESACC R,1885479.0,1886561 1084 942.9 517.1 943.3 520.3 0.09 0
SFIX R,1886563.0,
EFIX R,1886563.0,1886623 62 935.1 518.1 1055
SSACC R,1886625.0,
SBLINK R,1886635.0,
EBLINK R,1886635.0,1886637 4
ESACC R,1886625.0,1886645 22 942.9 517.1 943.3 520.3 0.09 0
SFIX R,1886647.0,
EFIX R,1886647.0,1887133 488 938.4 527.4 1024
SSACC R,1887135.0,
SBLINK R,1887145.0,
EBLINK R,1887145.0,1889339 2196
ESACC R,1887135.0,1889347 2214 942.9 517.1 943.3 520.3 0.09 0
SFIX R,1889349.0,
EFIX R,1889349.0,1889575 228 947.7 557.2 1195
SSACC R,1889577.0,
ESACC R,1889577.0,1889597 22 944.1 564.1 911.2 531.0 1.26 105
SFIX R,1889599.0,
EFIX R,1889599.0,1890779 1182 914.0 523.4 1125
SSACC R,1890781.0,
SBLINK R,1890791.0,
EBLINK R,1890791.0,1892635 1846
ESACC R,1890781.0,1892643 1864 713.8 -329.7 700.9 -329.2 0.32 574
SFIX R,1892645.0,
EFIX R,1892645.0,1892679 36 961.7 506.5 1188
SSACC R,1892681.0,
SBLINK R,1892691.0,
EBLINK R,1892691.0,1892691 2
ESACC R,1892681.0,1892699 20 713.8 -329.7 700.9 -329.2 0.35 0
SFIX R,1892701.0,
EFIX R,1892701.0,1892787 88 962.8 500.1 1199
SSACC R,1892789.0,
SBLINK R,1892799.0,
EBLINK R,1892799.0,1892881 84
ESACC R,1892789.0,1892889 102 964.1 492.8 965.2 492.4 0.03 3128
SFIX R,1892891.0,
EFIX R,1892891.0,1893205 316 970.6 499.7 1218
SSACC R,1893207.0,
ESACC R,1893207.0,1893227 22 974.6 498.0 975.2 498.9 0.03 1701
SFIX R,1893229.0,
EFIX R,1893229.0,1893319 92 976.9 494.6 1238
SSACC R,1893321.0,
ESACC R,1893321.0,1893341 22 973.9 486.9 979.3 485.8 0.15 946
SFIX R,1893343.0,
EFIX R,1893343.0,1893423 82 975.7 484.4 1251
SSACC R,1893425.0,
ESACC R,1893425.0,1893465 42 972.3 480.2 972.3 472.5 0.21 2106
SFIX R,1893467.0,
EFIX R,1893467.0,1893487 22 972.9 476.1 1270
SSACC R,1893489.0,
SBLINK R,1893563.0,
EBLINK R,1893563.0,1901631 8070
ESACC R,1893489.0,1901639 8152 972.3 475.2 712.3 -346.9 21.50 2859
SFIX R,1901641.0,
EFIX R,1901641.0,1902433 794 965.0 522.0 1057
SSACC R,1902435.0,
SBLINK R,1902445.0,
EBLINK R,1902445.0,1903185 742
ESACC R,1902435.0,1903193 760 631.2 -255.3 616.0 -234.3 0.62 487
SFIX R,1903195.0,
EFIX R,1903195.0,1903241 48 965.2 523.9 1069
SSACC R,1903243.0,
ESACC R,1903243.0,1903249 8 969.2 523.0 975.5 511.1 0.36 53
SFIX R,1903251.0,
EFIX R,1903251.0,1904245 996 975.7 501.4 1039
SSACC R,1904247.0,
ESACC R,1904247.0,1904263 18 965.3 489.2 950.9 495.9 0.43 65
SFIX R,1904265.0,
EFIX R,1904265.0,1904443 180 954.4 499.4 1106
SSACC R,1904445.0,
SBLINK R,1904455.0,
EBLINK R,1904455.0,1906409 1956
ESACC R,1904445.0,1906417 1974 674.1 -319.0 961.9 507.4 21.94 196
SFIX R,1906419.0,
EFIX R,1906419.0,1906751 334 961.0 515.3 1105
SSACC R,1906753.0,
SBLINK R,1906763.0,
EBLINK R,1906763.0,1907341 580
ESACC R,1906753.0,1907349 598 980.3 544.4 979.9 543.7 0.02 10
SFIX R,1907351.0,
EFIX R,1907351.0,1907849 500 976.8 545.6 1031
SSACC R,1907851.0,
ESACC R,1907851.0,1907865 16 974.0 541.5 956.2 521.4 0.73 76
SFIX R,1907867.0,
EFIX R,1907867.0,1909047 1182 962.0 507.5 1040
SSACC R,1909049.0,
SBLINK R,1909059.0,
EBLINK R,1909059.0,1909935 878
ESACC R,1909049.0,1909943 896 955.8 538.2 957.2 537.5 0.04 8
SFIX R,1909945.0,
EFIX R,1909945.0,1910577 634 961.7 542.3 926
SSACC R,1910579.0,
SBLINK R,1910589.0,
EBLINK R,1910589.0,1915607 5020
ESACC R,1910579.0,1915615 5038 955.8 538.2 957.2 537.5 0.04 0
SFIX R,1915617.0,
EFIX R,1915617.0,1915713 98 962.6 520.8 991
SSACC R,1915715.0,
SBLINK R,1915725.0,
EBLINK R,1915725.0,1917009 1286
ESACC R,1915715.0,1917017 1304 955.8 538.2 957.2 537.5 0.04 0
SFIX R,1917019.0,
EFIX R,1917019.0,1917513 496 963.8 548.0 934
SSACC R,1917515.0,
ESACC R,1917515.0,1917529 16 961.7 545.7 949.0 526.7 0.62 79
SFIX R,1917531.0,
EFIX R,1917531.0,1918247 718 957.1 523.9 975
SSACC R,1918249.0,
SBLINK R,1918259.0,
EBLINK R,1918259.0,1921373 3116
ESACC R,1918249.0,1921381 3134 961.7 545.7 949.0 526.7 0.62 0
SFIX R,1921383.0,
EFIX R,1921383.0,1921925 544 953.9 540.9 971
SSACC R,1921927.0,
ESACC R,1921927.0,1921937 12 966.1 548.2 977.1 531.3 0.55 70
SFIX R,1921939.0,
EFIX R,1921939.0,1922221 284 975.7 529.7 958
SSACC R,1922223.0,
SBLINK R,1922233.0,
EBLINK R,1922233.0,1923525 1294
ESACC R,1922223.0,1923533 1312 951.6 550.8 948.1 537.9 0.36 31
SFIX R,1923535.0,
EFIX R,1923535.0,1924147 614 955.8 554.1 1006
SSACC R,1924149.0,
SBLINK R,1924159.0,
EBLINK R,1924159.0,1933493 9336
ESACC R,1924149.0,1933501 9354 951.6 550.8 948.1 537.9 0.36 0
SFIX R,1933503.0,
EFIX R,1933503.0,1933709 208 970.0 536.6 1013
SSACC R,1933711.0,
SBLINK R,1933721.0,
EBLINK R,1933721.0,1938995 5276
ESACC R,1933711.0,1939003 5294 951.6 550.8 948.1 537.9 0.36 0
SFIX R,1939005.0,
EFIX R,1939005.0,1939043 40 958.6 527.4 883
SSACC R,1939045.0,
SBLINK R,1939055.0,
EBLINK R,1939055.0,1939055 2
ESACC R,1939045.0,1939063 20 951.6 550.8 948.1 537.9 0.36 0
SFIX R,1939065.0,
EFIX R,1939065.0,1939131 68 956.7 531.5 870
SSACC R,1939133.0,
SBLINK R,1939143.0,
EBLINK R,1939143.0,1944061 4920
ESACC R,1939133.0,1944069 4938 951.6 550.8 948.1 537.9 0.36 0
SFIX R,1944071.0,
EFIX R,1944071.0,1945179 1110 959.0 563.2 864
SSACC R,1945181.0,
ESACC R,1945181.0,1945187 8 974.0 546.7 962.5 544.2 0.32 51
SFIX R,1945189.0,
EFIX R,1945189.0,1945369 182 966.5 540.2 884
SSACC R,1945371.0,
SBLINK R,1945381.0,
EBLINK R,1945381.0,1945381 2
ESACC R,1945371.0,1945389 20 974.0 546.7 962.5 544.2 0.32 0
SFIX R,1945391.0,
EFIX R,1945391.0,1945435 46 970.3 534.8 892
SSACC R,1945437.0,
SBLINK R,1945447.0,
EBLINK R,1945447.0,1946361 916
ESACC R,1945437.0,1946369 934 974.0 546.7 962.5 544.2 0.32 0
SFIX R,1946371.0,
EFIX R,1946371.0,1946745 376 948.2 551.0 827
SSACC R,1946747.0,
ESACC R,1946747.0,1946751 6 951.7 555.8 954.6 546.9 0.25 38
SFIX R,1946753.0,
EFIX R,1946753.0,1946959 208 957.0 549.0 832
SSACC R,1946961.0,
SBLINK R,1946971.0,
EBLINK R,1946971.0,1949573 2604
ESACC R,1946961.0,1949581 2622 962.4 539.9 962.4 539.9 0.00 12
SFIX R,1949583.0,
EFIX R,1949583.0,1949609 28 960.2 543.3 809
SSACC R,1949611.0,
SBLINK R,1949621.0,
EBLINK R,1949621.0,1950489 870
ESACC R,1949611.0,1950519 910 964.4 538.8 965.1 543.9 0.14 1964
SFIX R,1950521.0,
EFIX R,1950521.0,1950571 52 964.5 543.1 801
SSACC R,1950573.0,
SBLINK R,1950583.0,
EBLINK R,1950583.0,1965063 14482
ESACC R,1950573.0,1965071 14500 964.4 538.8 965.1 543.9 0.14 0
SFIX R,1965073.0,
EFIX R,1965073.0,1966349 1278 979.6 547.5 721
SSACC R,1966351.0,
SBLINK R,1966365.0,
EBLINK R,1966365.0,1974883 8520
ESACC R,1966351.0,1974891 8542 986.1 548.8 972.3 556.7 0.43 28
SFIX R,1974893.0,
EFIX R,1974893.0,1975383 492 978.3 564.1 715
SSACC R,1975385.0,
ESACC R,1975385.0,1975397 14 969.4 563.6 939.2 564.0 0.82 87
SFIX R,1975399.0,
EFIX R,1975399.0,1976251 854 954.9 549.1 794
SSACC R,1976253.0,
SBLINK R,1976263.0,
EBLINK R,1976263.0,1978815 2554
ESACC R,1976253.0,1978823 2572 969.4 563.6 939.2 564.0 0.82 0
SFIX R,1978825.0,
EFIX R,1978825.0,1979725 902 976.8 544.6 752
SSACC R,1979727.0,
SBLINK R,1979747.0,
EBLINK R,1979747.0,1979747 2
ESACC R,1979727.0,1979755 30 981.4 539.4 962.6 539.5 0.51 60
SFIX R,1979757.0,
EFIX R,1979757.0,1980129 374 972.9 541.0 800
SSACC R,1980131.0,
SBLINK R,1980141.0,
EBLINK R,1980141.0,1980867 728
ESACC R,1980131.0,1980875 746 981.4 539.4 962.6 539.5 0.51 0
SFIX R,1980877.0,
EFIX R,1980877.0,1981657 782 975.8 543.5 793
SSACC R,1981659.0,
SBLINK R,1981669.0,
EBLINK R,1981669.0,1984181 2514
ESACC R,1981659.0,1984189 2532 981.4 539.4 962.6 539.5 0.51 0
SFIX R,1984191.0,
EFIX R,1984191.0,1984545 356 996.6 547.8 839
SSACC R,1984547.0,
ESACC R,1984547.0,1984561 16 994.5 547.9 978.7 541.5 0.46 55
SFIX R,1984563.0,
EFIX R,1984563.0,1985431 870 976.0 543.1 891
SSACC R,1985433.0,
SBLINK R,1985443.0,
EBLINK R,1985443.0,1985897 456
ESACC R,1985433.0,1985905 474 971.6 530.4 971.9 530.4 0.01 23
SFIX R,1985907.0,
EFIX R,1985907.0,1986035 130 969.6 519.4 920
SSACC R,1986037.0,
SBLINK R,1986047.0,
EBLINK R,1986047.0,1986853 808
ESACC R,1986037.0,1986861 826 968.0 513.7 967.5 520.3 0.18 23
SFIX R,1986863.0,
EFIX R,1986863.0,1987365 504 978.3 565.1 763
SSACC R,1987367.0,
SBLINK R,1987381.0,
EBLINK R,1987381.0,1994441 7062
ESACC R,1987367.0,1994449 7084 974.6 567.7 974.0 563.1 0.13 28
SFIX R,1994451.0,
EFIX R,1994451.0,1995417 968 968.5 543.1 800
SSACC R,1995419.0,
ESACC R,1995419.0,1995429 12 968.5 540.4 958.2 517.4 0.68 73
SFIX R,1995431.0,
EFIX R,1995431.0,1996243 814 964.7 531.5 799
SSACC R,1996245.0,
SBLINK R,1996255.0,
EBLINK R,1996255.0,1997501 1248
ESACC R,1996245.0,1997521 1278 982.7 536.8 984.9 533.7 0.10 32
SFIX R,1997523.0,
EFIX R,1997523.0,1997575 54 983.2 538.2 861
SSACC R,1997577.0,
SBLINK R,1997587.0,
EBLINK R,1997587.0,1997587 2
ESACC R,1997577.0,1997595 20 982.7 536.8 984.9 533.7 0.10 0
SFIX R,1997597.0,
EFIX R,1997597.0,1997635 40 984.9 536.3 862
SSACC R,1997637.0,
SBLINK R,1997647.0,
EBLINK R,1997647.0,2002615 4970
ESACC R,1997637.0,2002623 4988 982.7 536.8 984.9 533.7 0.10 0
SFIX R,2002625.0,
EFIX R,2002625.0,2003525 902 966.6 541.7 713
SSACC R,2003527.0,
SBLINK R,2003537.0,
EBLINK R,2003537.0,2006823 3288
ESACC R,2003527.0,2006831 3306 979.0 560.1 974.6 565.2 0.18 33
SFIX R,2006833.0,
EFIX R,2006833.0,2006879 48 976.4 568.2 797
SSACC R,2006881.0,
SBLINK R,2006891.0,
EBLINK R,2006891.0,2007551 662
ESACC R,2006881.0,2007559 680 976.7 564.8 973.7 543.5 0.58 10
SFIX R,2007561.0,
EFIX R,2007561.0,2007619 60 980.0 540.9 823
SSACC R,2007621.0,
SBLINK R,2007631.0,
EBLINK R,2007631.0,2019375 11746
ESACC R,2007621.0,2019383 11764 976.7 564.8 973.7 543.5 0.58 0
SFIX R,2019385.0,
EFIX R,2019385.0,2019407 24 984.0 527.6 818
SSACC R,2019409.0,
SBLINK R,2019419.0,
EBLINK R,2019419.0,2019419 2
ESACC R,2019409.0,2019427 20 976.7 564.8 973.7 543.5 0.58 0
SFIX R,2019429.0,
EFIX R,2019429.0,2019677 250 981.7 531.1 790
SSACC R,2019679.0,
SBLINK R,2019689.0,
EBLINK R,2019689.0,2020511 824
ESACC R,2019679.0,2020519 842 976.7 564.8 973.7 543.5 0.58 0
SFIX R,2020521.0,
EFIX R,2020521.0,2021367 848 981.0 541.2 731
SSACC R,2021369.0,
SBLINK R,2021379.0,
EBLINK R,2021379.0,2023739 2362
ESACC R,2021369.0,2023747 2380 976.7 564.8 973.7 543.5 0.58 0
SFIX R,2023749.0,
EFIX R,2023749.0,2023983 236 1001.7 562.1 803
SSACC R,2023985.0,
SBLINK R,2023995.0,
EBLINK R,2023995.0,2024757 764
ESACC R,2023985.0,2024765 782 976.7 564.8 973.7 543.5 0.58 0
SFIX R,2024767.0,
EFIX R,2024767.0,2026029 1264 980.6 547.3 647
SSACC R,2026031.0,
SBLINK R,2026041.0,
EBLINK R,2026041.0,2052667 26628
ESACC R,2026031.0,2052675 26646 981.6 536.3 969.7 548.1 0.45 19
SFIX R,2052677.0,
EFIX R,2052677.0,2053265 590 971.4 549.4 701
SSACC R,2053267.0,
ESACC R,2053267.0,2053287 22 971.4 548.9 999.9 551.7 0.78 116
SFIX R,2053289.0,
EFIX R,2053289.0,2053449 162 994.6 553.4 687
SSACC R,2053451.0,
SBLINK R,2053461.0,
EBLINK R,2053461.0,2056297 2838
ESACC R,2053451.0,2056305 2856 950.1 534.3 973.3 532.6 0.63 29
SFIX R,2056307.0,
EFIX R,2056307.0,2056545 240 969.1 544.2 883
SSACC R,2056547.0,
SBLINK R,2056557.0,
EBLINK R,2056557.0,2057327 772
ESACC R,2056547.0,2057335 790 950.1 534.3 973.3 532.6 0.63 0
SFIX R,2057337.0,
EFIX R,2057337.0,2057581 246 973.3 543.9 734
SSACC R,2057583.0,
ESACC R,2057583.0,2057591 10 972.7 548.7 956.8 543.7 0.45 53
SFIX R,2057593.0,
EFIX R,2057593.0,2057817 226 967.3 546.5 700
SSACC R,2057819.0,
ESACC R,2057819.0,2057833 16 966.8 548.3 983.5 552.9 0.47 65
SFIX R,2057835.0,
EFIX R,2057835.0,2058447 614 979.9 554.3 689
SSACC R,2058449.0,
ESACC R,2058449.0,2058457 10 989.2 558.4 976.1 546.0 0.49 61
SFIX R,2058459.0,
EFIX R,2058459.0,2058823 366 984.4 543.6 695
SSACC R,2058825.0,
SBLINK R,2058835.0,
EBLINK R,2058835.0,2059165 332
ESACC R,2058825.0,2059173 350 989.2 558.4 976.1 546.0 0.49 0
SFIX R,2059175.0,
EFIX R,2059175.0,2059197 24 964.3 524.1 707
SSACC R,2059199.0,
ESACC R,2059199.0,2059213 16 961.7 524.3 987.3 541.8 0.84 82
SFIX R,2059215.0,
EFIX R,2059215.0,2060299 1086 977.2 546.5 721
SSACC R,2060301.0,
ESACC R,2060301.0,2060327 28 975.2 544.2 960.2 532.4 0.52 122
SFIX R,2060329.0,
EFIX R,2060329.0,2060509 182 955.3 537.1 746
SSACC R,2060511.0,
SBLINK R,2060521.0,
EBLINK R,2060521.0,2060975 456
ESACC R,2060511.0,2060983 474 975.2 544.2 960.2 532.4 0.52 0
SFIX R,2060985.0,
EFIX R,2060985.0,2061509 526 986.5 565.0 717
SSACC R,2061511.0,
ESACC R,2061511.0,2061515 6 983.6 568.4 978.4 559.7 0.27 52
SFIX R,2061517.0,
EFIX R,2061517.0,2061787 272 975.2 558.3 692
SSACC R,2061789.0,
SBLINK R,2061799.0,
EBLINK R,2061799.0,2062525 728
ESACC R,2061789.0,2062533 746 983.6 568.4 978.4 559.7 0.27 0
SFIX R,2062535.0,
EFIX R,2062535.0,2063045 512 969.4 541.9 705
SSACC R,2063047.0,
SBLINK R,2063057.0,
EBLINK R,2063057.0,2064101 1046
ESACC R,2063047.0,2064109 1064 983.6 568.4 978.4 559.7 0.27 0
SFIX R,2064111.0,
EFIX R,2064111.0,2064181 72 978.5 554.4 718
SSACC R,2064183.0,
ESACC R,2064183.0,2064189 8 978.0 554.5 969.7 545.6 0.33 56
SFIX R,2064191.0,
EFIX R,2064191.0,2064625 436 974.6 550.4 715
SSACC R,2064627.0,
SBLINK R,2064637.0,
EBLINK R,2064637.0,2065917 1282
ESACC R,2064627.0,2065925 1300 978.0 554.5 969.7 545.6 0.33 0
SFIX R,2065927.0,
EFIX R,2065927.0,2066163 238 953.4 529.3 767
SSACC R,2066165.0,
SBLINK R,2066175.0,
EBLINK R,2066175.0,2066581 408
ESACC R,2066165.0,2066589 426 978.0 554.5 969.7 545.6 0.33 0
SFIX R,2066591.0,
EFIX R,2066591.0,2066683 94 962.3 523.1 814
SSACC R,2066685.0,
SBLINK R,2066695.0,
EBLINK R,2066695.0,2066727 34
ESACC R,2066685.0,2066735 52 965.9 523.6 961.0 522.0 0.14 19
SFIX R,2066737.0,
EFIX R,2066737.0,2067099 364 967.7 529.2 802
SSACC R,2067101.0,
SBLINK R,2067111.0,
EBLINK R,2067111.0,2067565 456
ESACC R,2067101.0,2067573 474 965.9 523.6 961.0 522.0 0.14 0
SFIX R,2067575.0,
EFIX R,2067575.0,2068429 856 996.5 541.5 786
SSACC R,2068431.0,
SBLINK R,2068441.0,
EBLINK R,2068441.0,2069219 780
ESACC R,2068431.0,2069227 798 965.9 523.6 961.0 522.0 0.14 0
SFIX R,2069229.0,
EFIX R,2069229.0,2069267 40 989.2 539.4 729
SSACC R,2069269.0,
SBLINK R,2069279.0,
EBLINK R,2069279.0,2069279 2
ESACC R,2069269.0,2069287 20 965.9 523.6 961.0 522.0 0.14 0
SFIX R,2069289.0,
EFIX R,2069289.0,2070087 800 992.1 543.9 710
SSACC R,2070089.0,
SBLINK R,2070099.0,
EBLINK R,2070099.0,2070873 776
ESACC R,2070089.0,2070881 794 965.9 523.6 961.0 522.0 0.14 0
SFIX R,2070883.0,
EFIX R,2070883.0,2071137 256 965.3 570.9 661
SSACC R,2071139.0,
ESACC R,2071139.0,2071153 16 967.4 573.9 986.9 555.4 0.73 81
SFIX R,2071155.0,
EFIX R,2071155.0,2071393 240 979.5 562.9 636
SSACC R,2071395.0,
SBLINK R,2071405.0,
EBLINK R,2071405.0,2073767 2364
ESACC R,2071395.0,2073775 2382 967.4 573.9 986.9 555.4 0.73 0
SFIX R,2073777.0,
EFIX R,2073777.0,2074051 276 984.7 553.8 737
SSACC R,2074053.0,
SBLINK R,2074063.0,
EBLINK R,2074063.0,2078891 4830
ESACC R,2074053.0,2078899 4848 967.4 573.9 986.9 555.4 0.73 0
SFIX R,2078901.0,
EFIX R,2078901.0,2079187 288 972.9 540.6 782
SSACC R,2079189.0,
SBLINK R,2079199.0,
EBLINK R,2079199.0,2080121 924
ESACC R,2079189.0,2080129 942 967.4 573.9 986.9 555.4 0.73 0
SFIX R,2080131.0,
EFIX R,2080131.0,2080947 818 975.3 547.0 820
SSACC R,2080949.0,
SBLINK R,2080959.0,
EBLINK R,2080959.0,2081575 618
ESACC R,2080949.0,2081583 636 967.4 573.9 986.9 555.4 0.73 0
SFIX R,2081585.0,
EFIX R,2081585.0,2082537 954 979.7 556.3 686
SSACC R,2082539.0,
SBLINK R,2082549.0,
EBLINK R,2082549.0,2093823 11276
ESACC R,2082539.0,2093831 11294 985.4 541.7 984.4 537.4 0.12 24
SFIX R,2093833.0,
EFIX R,2093833.0,2093961 130 985.3 541.9 770
SSACC R,2093963.0,
SBLINK R,2093973.0,
EBLINK R,2093973.0,2094137 166
ESACC R,2093963.0,2094145 184 984.5 535.7 984.5 535.7 0.00 16
SFIX R,2094147.0,
EFIX R,2094147.0,2094205 60 982.8 532.0 751
SSACC R,2094207.0,
ESACC R,2094207.0,2094227 22 983.0 532.0 985.5 532.2 0.07 1408
SFIX R,2094229.0,
EFIX R,2094229.0,2094463 236 982.2 531.1 746
SSACC R,2094465.0,
SBLINK R,2094475.0,
EBLINK R,2094475.0,2120149 25676
ESACC R,2094465.0,2120157 25694 983.0 532.0 985.5 532.2 0.07 0
SFIX R,2120159.0,
EFIX R,2120159.0,2120867 710 979.9 559.8 760
SSACC R,2120869.0,
ESACC R,2120869.0,2120881 14 975.5 570.1 972.3 541.7 0.77 76
SFIX R,2120883.0,
EFIX R,2120883.0,2121613 732 967.7 533.8 772
SSACC R,2121615.0,
SBLINK R,2121625.0,
EBLINK R,2121625.0,2135575 13952
ESACC R,2121615.0,2135583 13970 975.5 570.1 972.3 541.7 0.77 0
SFIX R,2135585.0,
EFIX R,2135585.0,2135989 406 962.8 539.6 623
SSACC R,2135991.0,
SBLINK R,2136001.0,
EBLINK R,2136001.0,2142963 6964
ESACC R,2135991.0,2142971 6982 975.5 570.1 972.3 541.7 0.77 0
SFIX R,2142973.0,
EFIX R,2142973.0,2143261 290 975.2 567.5 627
SSACC R,2143263.0,
ESACC R,2143263.0,2143281 20 965.6 565.0 965.4 523.7 1.12 109
SFIX R,2143283.0,
EFIX R,2143283.0,2143549 268 961.8 530.2 623
SSACC R,2143551.0,
SBLINK R,2143561.0,
EBLINK R,2143561.0,2158759 15200
ESACC R,2143551.0,2158767 15218 965.6 565.0 965.4 523.7 1.12 0
SFIX R,2158769.0,
EFIX R,2158769.0,2159063 296 981.0 559.2 668
SSACC R,2159065.0,
SBLINK R,2159075.0,
EBLINK R,2159075.0,2159841 768
ESACC R,2159065.0,2159849 786 971.2 579.9 972.4 579.5 0.03 22
SFIX R,2159851.0,
EFIX R,2159851.0,2159967 118 976.0 548.3 662
SSACC R,2159969.0,
SBLINK R,2159979.0,
EBLINK R,2159979.0,2168767 8790
ESACC R,2159969.0,2168775 8808 971.2 579.9 972.4 579.5 0.03 0
SFIX R,2168777.0,
EFIX R,2168777.0,2168803 28 964.9 560.4 613
SSACC R,2168805.0,
SBLINK R,2168815.0,
EBLINK R,2168815.0,2168973 160
ESACC R,2168805.0,2168981 178 971.2 579.9 972.4 579.5 0.03 0
SFIX R,2168983.0,
EFIX R,2168983.0,2169019 38 967.0 559.3 652
SSACC R,2169021.0,
SBLINK R,2169033.0,
EBLINK R,2169033.0,2169033 2
ESACC R,2169021.0,2169041 22 967.0 561.5 967.0 561.5 0.00 34
SFIX R,2169043.0,
EFIX R,2169043.0,2169397 356 961.8 550.6 625
SSACC R,2169399.0,
SBLINK R,2169409.0,
EBLINK R,2169409.0,2239073 69666
ESACC R,2169399.0,2239081 69684 967.0 561.5 967.0 561.5 0.00 0
SFIX R,2239083.0,
EFIX R,2239083.0,2240217 1136 975.5 562.5 800
SSACC R,2240219.0,
SBLINK R,2240229.0,
EBLINK R,2240229.0,2475053 234826
ESACC R,2240219.0,2475061 234844 967.0 561.5 967.0 561.5 0.00 0
SFIX R,2475063.0,
EFIX R,2475063.0,2475229 168 970.0 557.8 789
SSACC R,2475231.0,
SBLINK R,2475241.0,
EBLINK R,2475241.0,2479391 4152
ESACC R,2475231.0,2479399 4170 967.0 561.5 967.0 561.5 0.00 0
SFIX R,2479401.0,
EFIX R,2479401.0,2480239 840 966.9 562.6 771
SSACC R,2480241.0,
SBLINK R,2480251.0,
EBLINK R,2480251.0,2484647 4398
ESACC R,2480241.0,2484655 4416 967.0 561.5 967.0 561.5 0.00 0
SFIX R,2484657.0,
EFIX R,2484657.0,2484769 114 958.5 566.1 714
SSACC R,2484771.0,
SBLINK R,2484781.0,
EBLINK R,2484781.0,2492117 7338
ESACC R,2484771.0,2492125 7356 953.4 568.8 951.5 566.6 0.08 16
SFIX R,2492127.0,
EFIX R,2492127.0,2492157 32 963.4 536.1 821
SSACC R,2492159.0,
SBLINK R,2492169.0,
EBLINK R,2492169.0,2492981 814
ESACC R,2492159.0,2492989 832 953.4 568.8 951.5 566.6 0.08 0
SFIX R,2492991.0,
EFIX R,2492991.0,2493015 26 951.9 525.0 781
SSACC R,2493017.0,
SBLINK R,2493027.0,
EBLINK R,2493027.0,2493087 62
ESACC R,2493017.0,2493095 80 953.4 568.8 951.5 566.6 0.08 0
SFIX R,2493097.0,
EFIX R,2493097.0,2493143 48 954.7 521.6 787
SSACC R,2493145.0,
SBLINK R,2493155.0,
EBLINK R,2493155.0,2745885 252732
ESACC R,2493145.0,2745893 252750 606.9 -147.7 666.7 -256.9 3.01 571
SFIX R,2745895.0,
EFIX R,2745895.0,2746243 350 960.0 570.5 943
SSACC R,2746245.0,
ESACC R,2746245.0,2746251 8 963.6 576.6 973.2 566.2 0.38 59
SFIX R,2746253.0,
EFIX R,2746253.0,2746473 222 968.6 567.5 855
SSACC R,2746475.0,
SBLINK R,2746485.0,
EBLINK R,2746485.0,2782693 36210
ESACC R,2746475.0,2782701 36228 963.6 576.6 973.2 566.2 0.38 0
SFIX R,2782703.0,
EFIX R,2782703.0,2783501 800 973.0 562.0 886
SSACC R,2783503.0,
SBLINK R,2783515.0,
EBLINK R,2783515.0,3365539 582026
ESACC R,2783503.0,3365547 582046 960.5 567.6 619.5 -243.6 22.31 441
SFIX R,3365549.0,
EFIX R,3365549.0,3365839 292 1042.0 550.7 845
SSACC R,3365841.0,
SBLINK R,3365851.0,
EBLINK R,3365851.0,3368985 3136
ESACC R,3365841.0,3368993 3154 656.0 -306.3 652.0 -296.2 0.25 158
SFIX R,3368995.0,
EFIX R,3368995.0,3369353 360 991.5 569.6 818
SSACC R,3369355.0,
ESACC R,3369355.0,3369359 6 994.5 567.3 986.5 562.9 0.25 48
SFIX R,3369361.0,
EFIX R,3369361.0,3369557 198 985.6 556.1 794
SSACC R,3369559.0,
SBLINK R,3369569.0,
MSG,3452805.0,STORY_1_END
EBLINK R,3369569.0,3454145 84578
ESACC R,3369559.0,3454153 84596 994.5 567.3 986.5 562.9 0.25 0
SFIX R,3454155.0,
EFIX R,3454155.0,3454209 56 1259.6 576.0 1055
SSACC R,3454211.0,
SBLINK R,3454221.0,
MSG,3650571.0,STORY_2_START
EBLINK R,3454221.0,3678483 224264
ESACC R,3454211.0,3678491 224282 622.3 -392.0 645.6 -198.3 4.54 714
SFIX R,3678493.0,
EFIX R,3678493.0,3678755 264 -1129.9 1420.7 1080
SSACC R,3678757.0,
SBLINK R,3678779.0,
EBLINK R,3678779.0,3716337 37560
ESACC R,3678757.0,3716345 37590 -1135.0 1435.4 1010.0 521.4 43.53 1430
SFIX R,3716347.0,
EFIX R,3716347.0,3716409 64 1008.1 522.9 814
SSACC R,3716411.0,
SBLINK R,3716421.0,
EBLINK R,3716421.0,3739105 22686
ESACC R,3716411.0,3739131 22722 901.3 -22.3 1041.0 511.5 14.46 2090
SFIX R,3739133.0,
EFIX R,3739133.0,3739349 218 1037.0 522.9 990
SSACC R,3739351.0,
SBLINK R,3739369.0,
EBLINK R,3739369.0,3802783 63416
ESACC R,3739351.0,3802791 63442 1030.8 515.8 1009.8 518.8 0.57 988
SFIX R,3802793.0,
EFIX R,3802793.0,3802945 154 956.9 555.9 1102
SSACC R,3802947.0,
SBLINK R,3802957.0,
EBLINK R,3802957.0,3803357 402
ESACC R,3802947.0,3803401 456 1074.0 632.9 1039.5 437.0 5.38 443
SFIX R,3803403.0,
EFIX R,3803403.0,3803619 218 1021.3 410.9 1215
SSACC R,3803621.0,
SBLINK R,3803645.0,
EBLINK R,3803645.0,3804125 482
ESACC R,3803621.0,3804143 524 1008.1 396.2 1003.3 513.1 3.17 2372
SFIX R,3804145.0,
EFIX R,3804145.0,3804687 544 995.6 541.6 928
SSACC R,3804689.0,
SBLINK R,3804701.0,
EBLINK R,3804701.0,3920927 116228
ESACC R,3804689.0,3920935 116248 996.2 550.6 996.2 550.6 0.00 10
SFIX R,3920937.0,
EFIX R,3920937.0,3921891 956 995.9 562.0 721
SSACC R,3921893.0,
SBLINK R,3921903.0,
EBLINK R,3921903.0,4294967 373066
ESACC R,3921893.0,4294975 373084 470.0 -286.3 424.6 -358.1 1.96 426
SFIX R,4294977.0,
EFIX R,4294977.0,4295531 556 988.3 539.0 838
SSACC R,4295533.0,
SBLINK R,4295543.0,
EBLINK R,4295543.0,4302207 6666
ESACC R,4295533.0,4302215 6684 470.0 -286.3 424.6 -358.1 2.30 0
SFIX R,4302217.0,
EFIX R,4302217.0,4302985 770 976.0 528.1 800
SSACC R,4302987.0,
ESACC R,4302987.0,4302995 10 973.4 530.3 955.4 527.0 0.50 59
SFIX R,4302997.0,
EFIX R,4302997.0,4303153 158 959.1 522.9 795
SSACC R,4303155.0,
ESACC R,4303155.0,4303163 10 960.9 518.4 981.3 520.8 0.56 68
SFIX R,4303165.0,
EFIX R,4303165.0,4303383 220 980.5 526.7 806
SSACC R,4303385.0,
SBLINK R,4303395.0,
EBLINK R,4303395.0,4330119 26726
ESACC R,4303385.0,4330127 26744 465.9 -327.6 479.1 -342.9 0.47 103
SFIX R,4330129.0,
EFIX R,4330129.0,4330543 416 1002.6 525.0 858
SSACC R,4330545.0,
ESACC R,4330545.0,4330563 20 1000.5 523.1 991.9 531.2 0.32 60
SFIX R,4330565.0,
EFIX R,4330565.0,4330863 300 990.4 525.6 874
SSACC R,4330865.0,
SBLINK R,4330875.0,
EBLINK R,4330875.0,4330875 2
ESACC R,4330865.0,4330883 20 1000.5 523.1 991.9 531.2 0.32 0
SFIX R,4330885.0,
EFIX R,4330885.0,4330999 116 991.3 525.2 894
SSACC R,4331001.0,
SBLINK R,4331011.0,
EBLINK R,4331011.0,4331929 920
ESACC R,4331001.0,4331937 938 1000.5 523.1 991.9 531.2 0.32 0
SFIX R,4331939.0,
EFIX R,4331939.0,4332943 1006 978.0 533.8 864
SSACC R,4332945.0,
SBLINK R,4332955.0,
EBLINK R,4332955.0,4336131 3178
ESACC R,4332945.0,4336143 3200 988.7 522.1 986.7 530.1 0.22 50
SFIX R,4336145.0,
EFIX R,4336145.0,4336209 66 988.6 534.4 850
SSACC R,4336211.0,
SBLINK R,4336229.0,
EBLINK R,4336229.0,4336237 10
ESACC R,4336211.0,4336245 36 989.4 536.0 1003.1 533.7 0.38 79
SFIX R,4336247.0,
EFIX R,4336247.0,4336467 222 1006.5 531.5 847
SSACC R,4336469.0,
ESACC R,4336469.0,4336477 10 1004.4 532.2 986.9 537.5 0.50 60
SFIX R,4336479.0,
EFIX R,4336479.0,4336919 442 997.0 535.9 868
SSACC R,4336921.0,
SBLINK R,4336931.0,
EBLINK R,4336931.0,4339169 2240
ESACC R,4336921.0,4339177 2258 1004.4 532.2 986.9 537.5 0.50 0
SFIX R,4339179.0,
EFIX R,4339179.0,4339423 246 990.2 537.6 900
SSACC R,4339425.0,
SBLINK R,4339435.0,
EBLINK R,4339435.0,4340935 1502
ESACC R,4339425.0,4340943 1520 1009.0 519.8 1004.8 526.9 0.22 31
SFIX R,4340945.0,
EFIX R,4340945.0,4340985 42 1005.3 526.4 868
SSACC R,4340987.0,
SBLINK R,4340997.0,
EBLINK R,4340997.0,4341869 874
ESACC R,4340987.0,4341877 892 1006.1 526.3 1006.4 523.2 0.08 9
SFIX R,4341879.0,
EFIX R,4341879.0,4342187 310 992.3 539.0 792
SSACC R,4342189.0,
ESACC R,4342189.0,4342205 18 993.0 549.3 1008.4 543.4 0.45 54
SFIX R,4342207.0,
EFIX R,4342207.0,4342551 346 999.8 542.7 769
SSACC R,4342553.0,
SBLINK R,4342563.0,
EBLINK R,4342563.0,4377683 35122
ESACC R,4342553.0,4377691 35140 547.3 -343.2 986.4 513.1 23.99 261
SFIX R,4377693.0,
EFIX R,4377693.0,4378025 334 987.2 511.2 1052
SSACC R,4378027.0,
SBLINK R,4378037.0,
EBLINK R,4378037.0,4677291 299256
ESACC R,4378027.0,4677299 299274 545.2 -338.4 972.1 534.7 24.24 1819
SFIX R,4677301.0,
EFIX R,4677301.0,4677657 358 971.5 538.7 973
SSACC R,4677659.0,
SBLINK R,4677669.0,
EBLINK R,4677669.0,4679703 2036
ESACC R,4677659.0,4679719 2062 975.0 527.6 944.7 524.2 0.83 265
SFIX R,4679721.0,
EFIX R,4679721.0,4680619 900 958.9 529.2 860
SSACC R,4680621.0,
SBLINK R,4680631.0,
EBLINK R,4680631.0,4696253 15624
ESACC R,4680621.0,4696275 15656 400.0 -290.4 963.0 534.9 24.98 484
SFIX R,4696277.0,
EFIX R,4696277.0,4696379 104 962.5 532.5 824
SSACC R,4696381.0,
ESACC R,4696381.0,4696399 20 962.1 533.7 965.2 533.6 0.08 120
SFIX R,4696401.0,
EFIX R,4696401.0,4696451 52 963.5 533.0 823
SSACC R,4696453.0,
SBLINK R,4696485.0,
EBLINK R,4696485.0,4706779 10296
ESACC R,4696453.0,4706787 10336 963.3 528.8 511.7 -322.4 24.07 292
SFIX R,4706789.0,
EFIX R,4706789.0,4706977 190 976.4 535.3 963
SSACC R,4706979.0,
SBLINK R,4706989.0,
EBLINK R,4706989.0,4714661 7674
ESACC R,4706979.0,4714669 7692 476.7 -292.7 473.5 -314.7 0.51 365
SFIX R,4714671.0,
EFIX R,4714671.0,4714711 42 973.5 521.0 921
SSACC R,4714713.0,
SBLINK R,4714723.0,
EBLINK R,4714723.0,4714725 4
ESACC R,4714713.0,4714733 22 476.7 -292.7 473.5 -314.7 0.60 0
SFIX R,4714735.0,
EFIX R,4714735.0,4714897 164 975.7 513.2 938
SSACC R,4714899.0,
SBLINK R,4714909.0,
EBLINK R,4714909.0,4717065 2158
ESACC R,4714899.0,4717073 2176 445.6 -351.2 494.7 -372.3 1.26 378
SFIX R,4717075.0,
EFIX R,4717075.0,4717273 200 972.9 528.7 1028
SSACC R,4717275.0,
SBLINK R,4717285.0,
EBLINK R,4717285.0,4718947 1664
ESACC R,4717275.0,4718955 1682 975.2 524.2 395.8 -280.4 24.83 299
SFIX R,4718957.0,
EFIX R,4718957.0,4718989 34 966.1 543.2 985
SSACC R,4718991.0,
SBLINK R,4719019.0,
EBLINK R,4719019.0,4719019 2
ESACC R,4718991.0,4719027 38 966.8 543.1 962.7 544.2 0.12 65
SFIX R,4719029.0,
EFIX R,4719029.0,4719057 30 965.5 543.7 978
SSACC R,4719059.0,
SBLINK R,4719069.0,
EBLINK R,4719069.0,4815475 96408
ESACC R,4719059.0,4815483 96426 462.5 -353.4 492.4 -259.5 2.27 628
SFIX R,4815485.0,
EFIX R,4815485.0,4815679 196 988.4 570.3 762
SSACC R,4815681.0,
ESACC R,4815681.0,4815691 12 986.4 571.9 962.3 562.5 0.70 74
SFIX R,4815693.0,
EFIX R,4815693.0,4815957 266 969.9 560.4 722
SSACC R,4815959.0,
SBLINK R,4815969.0,
EBLINK R,4815969.0,5018241 202274
ESACC R,4815959.0,5018513 202556 418.0 -268.1 522.7 -305.3 2.67 396
SFIX R,5018515.0,
EFIX R,5018515.0,5018555 42 532.8 -294.3 2103
SSACC R,5018557.0,
SBLINK R,5018713.0,
EBLINK R,5018713.0,5087373 68662
ESACC R,5018557.0,5087381 68826 534.5 -302.4 963.6 518.6 23.24 195
SFIX R,5087383.0,
EFIX R,5087383.0,5087503 122 962.4 526.7 923
SSACC R,5087505.0,
SBLINK R,5087515.0,
EBLINK R,5087515.0,5088365 852
ESACC R,5087505.0,5088373 870 534.5 -302.4 963.6 518.6 25.10 0
SFIX R,5088375.0,
EFIX R,5088375.0,5088967 594 972.2 533.0 945
SSACC R,5088969.0,
SBLINK R,5088979.0,
EBLINK R,5088979.0,5189373 100396
ESACC R,5088969.0,5189381 100414 534.5 -302.4 963.6 518.6 25.10 0
SFIX R,5189383.0,
EFIX R,5189383.0,5189497 116 992.5 571.0 947
SSACC R,5189499.0,
ESACC R,5189499.0,5189507 10 989.3 572.1 973.9 565.1 0.46 55
SFIX R,5189509.0,
EFIX R,5189509.0,5189851 344 977.7 564.3 888
SSACC R,5189853.0,
SBLINK R,5189863.0,
MSG,5243940.0,STORY_2_END
EBLINK R,5189863.0,5244723 54862
ESACC R,5189853.0,5244741 54890 509.1 -305.6 962.1 454.3 22.17 2142
SFIX R,5244743.0,
EFIX R,5244743.0,5244839 98 962.8 458.8 981
SSACC R,5244841.0,
ESACC R,5244841.0,5244871 32 962.9 463.6 1121.8 459.7 4.30 256
SFIX R,5244873.0,
EFIX R,5244873.0,5245025 154 1126.5 467.2 962
SSACC R,5245027.0,
ESACC R,5245027.0,5245057 32 1130.2 468.2 1280.2 453.4 4.03 249
SFIX R,5245059.0,
EFIX R,5245059.0,5245171 114 1276.3 457.0 962
SSACC R,5245173.0,
ESACC R,5245173.0,5245225 54 1279.1 454.9 881.5 481.1 10.68 572
SFIX R,5245227.0,
EFIX R,5245227.0,5245361 136 867.9 485.6 986
SSACC R,5245363.0,
ESACC R,5245363.0,5245387 26 871.9 487.0 760.2 481.1 3.02 244
SFIX R,5245389.0,
EFIX R,5245389.0,5245575 188 774.2 483.1 1013
SSACC R,5245577.0,
ESACC R,5245577.0,5245605 30 777.3 480.1 918.5 478.8 3.82 266
SFIX R,5245607.0,
EFIX R,5245607.0,5245751 146 915.0 479.3 1038
SSACC R,5245753.0,
ESACC R,5245753.0,5245783 32 914.9 475.2 1052.6 482.5 3.74 241
SFIX R,5245785.0,
EFIX R,5245785.0,5245927 144 1049.5 478.9 1060
SSACC R,5245929.0,
ESACC R,5245929.0,5245969 42 1049.4 476.5 1142.9 580.9 3.79 280
SFIX R,5245971.0,
EFIX R,5245971.0,5246185 216 1146.0 580.4 1103
SSACC R,5246187.0,
ESACC R,5246187.0,5246547 362 1149.2 571.7 687.1 583.0 12.38 2630
SFIX R,5246549.0,
EFIX R,5246549.0,5246601 54 689.4 585.4 1199
SSACC R,5246603.0,
ESACC R,5246603.0,5246625 24 692.4 581.7 693.3 585.1 0.09 983
SFIX R,5246627.0,
EFIX R,5246627.0,5246649 24 693.2 583.8 1200
SSACC R,5246651.0,
ESACC R,5246651.0,5246671 22 692.9 584.8 694.6 584.9 0.05 898
SFIX R,5246673.0,
EFIX R,5246673.0,5246721 50 695.2 583.7 1201
SSACC R,5246723.0,
ESACC R,5246723.0,5246827 106 696.2 585.4 781.0 581.2 2.28 2812
SFIX R,5246829.0,
EFIX R,5246829.0,5246865 38 781.8 583.3 1174
SSACC R,5246867.0,
SBLINK R,5246899.0,
EBLINK R,5246899.0,5248099 1202
ESACC R,5246867.0,5248911 2046 782.2 587.4 650.7 -322.5 22.91 2429
END,5248914.0,SAMPLES EVENTS RES 39.20 40.09
