start_time,end_time
1401780.0,1401894.0
1405126.0,1405236.0
1407004.0,1407174.0
1408898.0,1409228.0
1409866.0,1409868.0
1410526.0,1410642.0
1412558.0,1412858.0
1413544.0,1413544.0
1415482.0,1415672.0
1416172.0,1416536.0
1417488.0,1417708.0
1418260.0,1418552.0
1418898.0,1419160.0
1433778.0,1433914.0
1447520.0,1447562.0
1461236.0,1461506.0
1471326.0,1471708.0
1472456.0,1472802.0
1477124.0,1477472.0
1488642.0,1488648.0
1488890.0,1488896.0
1490728.0,1490802.0
1493252.0,1493312.0
1493762.0,1493808.0
1494356.0,1494486.0
1496888.0,1497006.0
1498634.0,1498866.0
1499978.0,1500214.0
1500644.0,1501082.0
1501212.0,1501362.0
1501622.0,1502184.0
1503508.0,1503796.0
1505648.0,1505780.0
1506114.0,1507958.0
1509418.0,1509914.0
1510604.0,1510696.0
1511804.0,1513408.0
1514880.0,1516640.0
1517186.0,1520364.0
1520674.0,1520752.0
1522496.0,1527322.0
1528518.0,1529356.0
1529874.0,1530184.0
1531826.0,1535808.0
1537672.0,1538152.0
1539256.0,1539462.0
1542368.0,1542520.0
1543430.0,1543760.0
1545298.0,1545320.0
1548258.0,1548660.0
1549884.0,1549972.0
1550318.0,1550514.0
1550920.0,1551096.0
1551406.0,1552078.0
1552404.0,1552788.0
1555594.0,1555770.0
1556348.0,1556518.0
1558236.0,1559220.0
1560200.0,1560644.0
1561428.0,1561704.0
1562282.0,1563124.0
1565452.0,1565616.0
1568266.0,1568490.0
1570230.0,1570364.0
1570634.0,1570680.0
1571194.0,1572434.0
1574478.0,1575842.0
1577044.0,1578020.0
1579520.0,1587814.0
1588426.0,1589670.0
1590170.0,1591402.0
1591638.0,1593604.0
1594646.0,1609122.0
1609200.0,1609202.0
1609300.0,1641500.0
1644120.0,1647108.0
1648274.0,1677106.0
1677502.0,1696048.0
1697408.0,1701780.0
1742312.0,1742334.0
1760472.0,1760580.0
1762012.0,1762048.0
1771460.0,1771700.0
1786798.0,1786948.0
1787342.0,1787414.0
1789550.0,1789606.0
1789868.0,1789968.0
1790254.0,1790330.0
1790806.0,1791226.0
1792220.0,1793418.0
1794090.0,1807640.0
1809538.0,1814796.0
1818980.0,1819240.0
1819826.0,1820416.0
1820704.0,1822538.0
1823482.0,1824092.0
1825938.0,1830366.0
1830424.0,1830424.0
1830672.0,1830746.0
1832566.0,1833270.0
1833764.0,1835542.0
1835894.0,1836402.0
1836718.0,1837436.0
1838674.0,1840228.0
1840356.0,1840834.0
1842082.0,1842378.0
1842680.0,1842694.0
1843630.0,1845952.0
1846268.0,1846698.0
1848556.0,1849206.0
1850000.0,1856618.0
1857508.0,1858638.0
1862638.0,1863182.0
1863856.0,1864074.0
1866550.0,1866834.0
1867566.0,1868046.0
1868402.0,1868824.0
1869854.0,1870248.0
1870632.0,1871108.0
1873274.0,1874290.0
1875834.0,1876150.0
1879574.0,1879976.0
1883306.0,1883708.0
1925418.0,1925558.0
1965248.0,1965322.0
1970460.0,1970662.0
1973104.0,1973814.0
1974692.0,1975138.0
1975980.0,1976594.0
1976886.0,1979386.0
1979788.0,1980438.0
1981508.0,1986252.0
1986840.0,1989604.0
1991078.0,1997508.0
1998036.0,1998540.0
1999186.0,2000762.0
2001000.0,2001000.0
2001126.0,2001420.0
2001958.0,2004734.0
2005156.0,2005614.0
2006962.0,2010036.0
2014216.0,2014534.0
2015136.0,2015554.0
2016488.0,2016942.0
2017786.0,2018440.0
2020148.0,2020748.0
2031148.0,2031556.0
2053324.0,2054128.0
2054802.0,2055210.0
2056920.0,2057648.0
2058062.0,2058464.0
2058854.0,2059466.0
2062386.0,2063202.0
2063702.0,2064248.0
2065522.0,2065812.0
2068748.0,2068872.0
2069390.0,2069756.0
2070588.0,2070918.0
2096240.0,2096342.0
2096852.0,2097180.0
2100124.0,2100524.0
2113234.0,2113770.0
2117918.0,2117960.0
2118386.0,2118496.0
2119146.0,2120422.0
2121292.0,2124596.0
2126122.0,2127326.0
2128590.0,2129438.0
2133252.0,2133670.0
2134314.0,2134578.0
2135808.0,2136470.0
2136784.0,2137888.0
2138416.0,2154228.0
2154672.0,2155016.0
2203436.0,2203818.0
2215680.0,2215718.0
2221804.0,2222068.0
2222762.0,2223040.0
2225270.0,2225564.0
2228562.0,2228880.0
2229278.0,2229714.0
2229990.0,2230344.0
2237954.0,2238200.0
2239860.0,2240164.0
2304098.0,2304282.0
2305600.0,2305764.0
2307710.0,2307802.0
2308652.0,2309020.0
2310042.0,2310496.0
2310704.0,2311232.0
2312304.0,2313442.0
2313782.0,2314582.0
2316628.0,2317136.0
2317268.0,2317842.0
2318108.0,2318674.0
2319220.0,2319770.0
2320470.0,2321024.0
2323084.0,2323164.0
2325004.0,2325334.0
2327544.0,2328084.0
2330010.0,2330854.0
2331506.0,2331844.0
2332462.0,2332880.0
2333394.0,2334452.0
2334582.0,2334792.0
2335268.0,2335728.0
2336090.0,2336754.0
2337388.0,2338816.0
2339124.0,2340088.0
2340318.0,2341298.0
2341374.0,2341446.0
2342204.0,2342290.0
2342484.0,2342500.0
2344028.0,2344834.0
2364548.0,2364776.0
2376604.0,2376988.0
2377688.0,2377888.0
2391728.0,2392200.0
2392506.0,2393122.0
2393412.0,2424444.0
2426556.0,2431528.0
2434852.0,2435918.0
2440866.0,2440896.0
2441860.0,2442208.0
2455254.0,2455520.0
2457606.0,2457828.0
2460902.0,2461080.0
2461858.0,2462308.0
2484294.0,2484514.0
2484952.0,2485406.0
2513184.0,2516146.0
2516844.0,2517682.0
2518074.0,2519812.0
2523262.0,2524168.0
2524672.0,2525512.0
2526040.0,2526566.0
2528086.0,2528722.0
2528912.0,2530602.0
2530718.0,2530798.0
2530862.0,2530964.0
2531744.0,2533482.0
2534080.0,2535724.0
2537788.0,2538948.0
2541676.0,2542582.0
2544778.0,2545078.0
2549176.0,2549664.0
2550884.0,2551536.0
2552336.0,2552420.0
2553994.0,2555534.0
2557506.0,2557758.0
2560318.0,2560566.0
2561282.0,2562458.0
2563224.0,2564468.0
2568792.0,2569768.0
2570096.0,2571830.0
2571996.0,2572964.0
2575256.0,2578160.0
2578582.0,2591454.0
2595242.0,2595920.0
2600108.0,2601174.0
2602756.0,2603532.0
2607012.0,2607644.0
2607848.0,2608662.0
2609070.0,2609806.0
2610712.0,2611616.0
2612022.0,2614136.0
2615308.0,2630254.0
2630584.0,2630584.0
2630734.0,2631526.0
2632200.0,2642694.0
2643380.0,2649810.0
2680848.0,2681664.0
2703816.0,2704580.0
2705666.0,2706456.0
2723020.0,2723536.0
2724214.0,2725628.0
2727590.0,2753458.0
2811012.0,2811012.0
2811490.0,2811490.0
2811916.0,2811916.0
2813708.0,2813806.0
2813852.0,2813988.0
2814408.0,2814408.0
2820638.0,2821126.0
2825560.0,2826098.0
2826660.0,2838586.0
2840678.0,2858228.0
2858928.0,2936122.0
2936434.0,2982018.0
2984838.0,2998810.0
2999280.0,3007684.0
3007796.0,3008702.0
3008800.0,3210804.0
3211078.0,3211898.0
3212442.0,3239554.0
3239694.0,3239898.0
3242662.0,3286328.0
3288126.0,3288140.0
3288222.0,3288294.0
3290142.0,3290330.0
3292084.0,3295616.0
3296416.0,3299610.0
3307430.0,3350026.0
3354276.0,3404990.0
3405946.0,3455756.0
3456954.0,3466430.0
3468894.0,3469516.0
3469922.0,3482000.0
3486324.0,3512640.0
3513048.0,3583770.0
3585350.0,3585672.0
3585786.0,3611510.0
3612250.0,3643034.0
3643806.0,3739836.0
3740702.0,3742436.0
3743040.0,3743510.0
3744108.0,3749372.0
3749488.0,3749654.0
3749914.0,3750614.0
3750932.0,3751438.0
3751494.0,3751494.0
3751970.0,3752554.0
3752682.0,3752682.0
3752742.0,3756132.0
3758108.0,3758310.0
3758364.0,3758486.0
3759276.0,3761288.0
3761360.0,3761362.0
3762164.0,3765912.0
3766322.0,3770042.0
3771374.0,3772894.0
3773528.0,3773862.0
3776702.0,3776702.0
3776892.0,3777330.0
3778002.0,3778856.0
3779022.0,3780152.0
3780590.0,3782132.0
3782880.0,3783008.0
3784220.0,3784946.0
3785168.0,3787368.0
3788478.0,3790456.0
3793130.0,3795618.0
3795770.0,3797090.0
3799344.0,3799636.0
3799854.0,3812548.0
3813202.0,3820382.0
3820550.0,3821278.0
3821682.0,3828148.0
3829156.0,3833780.0
3834104.0,3834652.0
3835290.0,3837726.0
3838494.0,3838840.0
3839224.0,3842022.0
3842488.0,3843938.0
3845296.0,3846130.0
3846308.0,3846652.0
3850108.0,3850422.0
3850636.0,3852432.0
3853764.0,3854006.0
3854536.0,3854878.0
3856016.0,3856402.0
3856694.0,3857192.0
3858090.0,3859350.0
3859860.0,3860186.0
3860470.0,3862862.0
3863080.0,3864266.0
3864480.0,3864996.0
3865640.0,3865654.0
3865934.0,3866378.0
3868776.0,3869966.0
3871364.0,3876408.0
3876688.0,3878026.0
3878772.0,3879852.0
3880122.0,3883154.0
3884068.0,3884504.0
3884856.0,3885620.0
3885932.0,3886350.0
3887338.0,3889290.0
3890378.0,3890906.0
3892474.0,3892864.0
3893054.0,3893142.0
3893320.0,3893544.0
3894648.0,3895014.0
3895198.0,3895556.0
3896034.0,3896794.0
3897224.0,3897616.0
3898134.0,3898256.0
3898526.0,3900180.0
3900336.0,3900396.0
3900532.0,3900704.0
3902022.0,3903270.0
3904378.0,3905482.0
3906126.0,3909270.0
3909346.0,3909392.0
3909444.0,3912224.0
3913108.0,3919204.0
3919704.0,3922324.0
3922450.0,3923522.0
3926572.0,3926880.0
3927674.0,3927674.0
3927972.0,3929650.0
3932914.0,3933072.0
3933724.0,3934290.0
3938210.0,3938212.0
3938340.0,3938444.0
3939522.0,3941440.0
3942796.0,3943518.0
3943692.0,3946358.0
3948112.0,3948988.0
3949314.0,3956768.0
3957492.0,3968258.0
3970376.0,3978100.0
3978398.0,3979224.0
3979496.0,3983808.0
3985236.0,3988608.0
3988996.0,3990926.0
3994832.0,3995568.0
3996626.0,3997034.0
3997672.0,3999396.0
4001130.0,4001420.0
4003362.0,4005070.0
4005316.0,4006240.0
4006638.0,4008850.0
4011522.0,4012012.0
4013338.0,4013666.0
4014210.0,4015390.0
4018802.0,4018950.0
4019298.0,4019582.0
4021910.0,4021984.0
4022326.0,4023590.0
4024142.0,4024448.0
4024828.0,4024830.0
4029228.0,4029636.0
4033648.0,4034454.0
4035252.0,4035378.0
4035474.0,4036288.0
4037238.0,4037690.0
4042506.0,4042714.0
4045642.0,4045866.0
4046194.0,4046268.0
4052164.0,4052360.0
4052622.0,4052622.0
4054280.0,4054528.0
4055022.0,4055404.0
4055908.0,4056014.0
4056144.0,4058224.0
4059106.0,4059270.0
4060582.0,4060582.0
4061286.0,4061500.0
4063224.0,4063326.0
4064128.0,4064198.0
4068492.0,4070756.0
4073618.0,4073900.0
4078756.0,4079570.0
4083116.0,4083692.0
4083770.0,4083882.0
4084458.0,4084458.0
4084574.0,4084574.0
4084666.0,4084666.0
4087974.0,4087974.0
4088036.0,4088036.0
4088088.0,4088116.0
4088158.0,4088158.0
4088256.0,4088304.0
4088366.0,4088416.0
4088498.0,4088500.0
4088542.0,4089810.0
4163278.0,4169444.0
4169834.0,4170284.0
4170358.0,4174434.0
4174586.0,4174952.0
4175580.0,4176548.0
4177786.0,4178664.0
4180450.0,4181562.0
4181872.0,4183466.0
4187796.0,4187814.0
4187856.0,4190568.0
4191178.0,4191370.0
4196118.0,4197402.0
4201954.0,4202070.0
4202292.0,4202710.0
4202778.0,4204006.0
4204310.0,4204692.0
4204878.0,4208214.0
4208386.0,4210010.0
4210118.0,4210460.0
4211842.0,4212092.0
4212720.0,4212890.0
4214400.0,4214500.0
4215158.0,4215540.0
4215834.0,4216726.0
4217922.0,4218538.0
4219370.0,4224562.0
4224766.0,4225816.0
4226964.0,4228930.0
4229392.0,4232480.0
4235160.0,4237546.0
4238282.0,4242956.0
4243692.0,4247094.0
4247210.0,4248350.0
4249448.0,4250388.0
4250860.0,4252894.0
4254242.0,4254770.0
4256508.0,4256762.0
4257256.0,4258348.0
4260570.0,4263760.0
4264864.0,4265578.0
4266096.0,4266682.0
4266950.0,4267296.0
4267734.0,4268594.0
4268954.0,4269366.0
4270166.0,4270166.0
4271254.0,4272514.0
4273244.0,4273824.0
4274024.0,4274890.0
4275062.0,4275408.0
4276880.0,4277352.0
4277640.0,4278048.0
4278128.0,4278600.0
4279148.0,4279620.0
4281018.0,4282480.0
4282750.0,4283516.0
4283974.0,4284520.0
4286524.0,4287218.0
4287650.0,4287652.0
4287792.0,4288248.0
4288718.0,4289136.0
4290234.0,4290634.0
4291104.0,4291828.0
4292536.0,4293252.0
4293726.0,4294192.0
4294316.0,4294970.0
4295756.0,4296570.0
4299774.0,4300074.0
4300484.0,4300940.0
4303396.0,4303596.0
4304510.0,4304964.0
4305490.0,4305982.0
4306256.0,4306818.0
4311476.0,4312686.0
4313122.0,4313456.0
4313614.0,4313614.0
4313692.0,4313720.0
4313918.0,4314296.0
4317090.0,4318842.0
4319620.0,4321910.0
4324192.0,4324646.0
4325514.0,4325644.0
4327446.0,4328238.0
4328484.0,4328536.0
4328764.0,4329388.0
4330324.0,4330944.0
4332104.0,4333566.0
4334240.0,4335996.0
4336270.0,4336984.0
4338692.0,4339796.0
4339952.0,4340044.0
4340422.0,4342122.0
4342260.0,4342316.0
4342638.0,4343618.0
4347686.0,4351314.0
4352620.0,4353090.0
4354594.0,4355302.0
4355738.0,4365160.0
4365572.0,4367796.0
4370126.0,4371358.0
4371568.0,4371968.0
4373836.0,4374218.0
4374574.0,4374596.0
4375224.0,4375716.0
4376100.0,4377208.0
4378152.0,4386552.0
4387606.0,4388006.0
4388252.0,4388726.0
4389198.0,4389636.0
4390396.0,4390780.0
4391678.0,4392342.0
4392446.0,4392918.0
4393866.0,4394230.0
4394854.0,4395706.0
4398572.0,4399720.0
4400150.0,4400586.0
4403022.0,4403368.0
4403492.0,4403804.0
4404750.0,4407100.0
4407206.0,4407230.0
4407290.0,4407876.0
4408060.0,4408060.0
4409228.0,4412290.0
4412838.0,4416280.0
4418896.0,4419672.0
4419952.0,4420460.0
4420584.0,4421642.0
4422054.0,4423654.0
4424226.0,4424372.0
4425998.0,4426222.0
4428928.0,4429696.0
4430286.0,4431014.0
4431940.0,4434340.0
4434720.0,4435032.0
4435358.0,4440488.0
4440618.0,4440742.0
4441170.0,4445072.0
4445998.0,4451370.0
4452210.0,4452934.0
4454002.0,4454666.0
4455240.0,4457558.0
4458756.0,4459210.0
4459576.0,4459608.0
4461406.0,4462294.0
4462770.0,4473894.0
4473950.0,4474182.0
4475652.0,4477186.0
4478618.0,4478992.0
4480362.0,4480642.0
4480906.0,4481468.0
4482204.0,4482320.0
4484264.0,4486140.0
4488558.0,4489706.0
4489930.0,4493108.0
4494362.0,4494800.0
4495824.0,4496230.0
4496322.0,4496368.0
4499074.0,4499532.0
4499992.0,4500050.0
4500350.0,4502638.0
4503956.0,4504940.0
4506210.0,4506388.0
4506496.0,4506886.0
4509068.0,4510194.0
4510772.0,4511578.0
4512860.0,4514066.0
4515312.0,4515414.0
4519260.0,4519450.0
4519664.0,4519848.0
4521618.0,4521856.0
4522192.0,4522836.0
4523240.0,4523710.0
4523896.0,4524318.0
4525252.0,4525736.0
4526270.0,4526740.0
4528142.0,4528916.0
4529290.0,4529618.0
4530132.0,4530410.0
4531466.0,4532240.0
4533016.0,4535514.0
4535566.0,4537460.0
4537576.0,4537590.0
4537652.0,4537730.0
4538646.0,4539352.0
4540908.0,4541290.0
4543826.0,4544056.0
4544368.0,4544678.0
4545700.0,4547000.0
4550414.0,4550542.0
4552640.0,4553854.0
4554980.0,4555930.0
4556158.0,4556594.0
4556934.0,4557082.0
4559418.0,4559872.0
4561134.0,4561350.0
4562162.0,4562488.0
4562784.0,4562990.0
4564498.0,4564498.0
4564854.0,4565080.0
4565912.0,4566110.0
4566654.0,4566882.0
4567386.0,4567626.0
4567976.0,4568222.0
4568782.0,4569028.0
4569542.0,4570362.0
4570710.0,4570802.0
4571444.0,4571728.0
4572220.0,4572962.0
4573638.0,4576644.0
4577592.0,4577950.0
4580056.0,4580146.0
4580480.0,4580686.0
4581090.0,4588040.0
4589696.0,4591246.0
4592292.0,4592922.0
4594240.0,4594506.0
4596024.0,4596350.0
4596866.0,4598700.0
4599838.0,4601530.0
4602854.0,4604776.0
4608110.0,4608306.0
4610064.0,4610284.0
4610524.0,4610728.0
4613262.0,4613646.0
4614110.0,4614690.0
4616102.0,4616272.0
4617496.0,4617542.0
4618190.0,4618350.0
4618744.0,4619030.0
4619376.0,4621140.0
4621640.0,4621680.0
4621764.0,4621916.0
4622326.0,4624182.0
4627108.0,4628782.0
